{
  "YOUTUBE_VIDEO_STARTS": null,
  "PROG_VIDEO_STARTS": 107158,
  "TOTAL_VIDEO_STARTS": 107158,
  "TOTAL_25": 641925,
  "TOTAL_50": 536869,
  "TOTAL_75": 418194,
  "TOTAL_100": 394819,
  "PERCENT_25": 599.0453349259972,
  "PERCENT_50": 501.0069243546912,
  "PERCENT_75": 390.25924336027174,
  "PERCENT_100": 368.4456596800986
}